FST,DPS,DISTANCE,DEPTH_F,HLI_F,CTI_F,DEPTH_T,HLI_T,CTI_T,hli,cti,dd5,err27,rsp,ridge,hab_ratio
0.260028,0.52066,4126.980002,0.4,1718.000001,7.172849203,21.64,1455.000001,6.151638499,1955.1,5.12,424.5000001,0.42,59.65000003,0.09,0.00047619
0.204752,0.38397,3110.789999,4.999999998,1315.000001,8.895872099,21.64,1455.000001,6.151638499,1671.249999,5.890000002,461.91,0.35,40.03999998,0.04,0.000434783
0.17716,0.36679,4062.219999,2.000000001,1685,10.9622784,21.64,1455.000001,6.151638499,2207.729999,5.950000003,466.9899999,0.39,45.42000001,0.05,0.000263158
0.239858,0.48651,5726.77,1.860000001,1265,7.475525898,21.64,1455.000001,6.151638499,2329.66,5.559999999,470.9199999,0.42,44.94000001,0.03,0.0003125
0.261139,0.48068,6533.930001,6.030000002,1307,8.520578401,21.64,1455.000001,6.151638499,2022.350001,5.700000001,490.3800001,0.4,48.23,0.02,0.000238095
0.273568,0.49416,5069.58,3.299999998,1294,5.179369501,21.64,1455.000001,6.151638499,2004.42,5.129999999,443.0300001,0.42,60.23,0.19,0.000277778
0.110239,0.25806,1229.060001,21.64,1455.000001,6.151638499,1.00E-04,1245,4.845000701,1518.459999,6.479999998,466.39,0.44,20.51,1.00E-04,0.000232558
0.25115,0.51166,6371.389999,1.980000001,1309,8.144791596,21.64,1455.000001,6.151638499,2068.509999,5.659999999,485.55,0.41,49.23000001,0.04,0.00025
0.201713,0.47689,4780.359998,3.070000001,1170,6.675704501,21.64,1455.000001,6.151638499,2187.680001,5.659999999,451.3599999,0.41,44.66999998,0.04,0.000434783
0.17125,0.31923,993.4099999,3.570000001,1344,5.836809599,21.64,1455.000001,6.151638499,1685.640001,6.019999998,474.7500001,0.33,33.40999999,0.05,0.1
0.190056,0.28073,1126.45,2.000000001,1525,5.3280978,21.64,1455.000001,6.151638499,1705.5,6.170000001,472.6700002,0.36,32.26000001,0.05,0.000175439
0.187833,0.29807,1591.84,21.64,1455.000001,6.151638499,2.000000001,1451,6.376057101,1719.03,5.670000001,446.0599999,0.39,36.61,0.03,0.00027027
0.290258,0.43348,7031.940001,4.700000001,1262,9.949107205,21.64,1455.000001,6.151638499,2052.4,5.070000002,461.4599999,0.43,53.90999998,0.05,0.00027027
0.238497,0.47509,4553.590001,8.000000003,1269.999999,7.547134902,21.64,1455.000001,6.151638499,1907.219999,5.319999998,442.02,0.42,48.32000002,0.08,0.000344828
0.174275,0.32194,2131.639999,3.000000001,1329,8.945763596,21.64,1455.000001,6.151638499,1888.859999,5.860000002,511.7500002,0.36,30.74999999,0.09,0.186440678
0.303807,0.46567,7456.020002,2.000000001,1210,6.526194999,21.64,1455.000001,6.151638499,2263.75,5.12,475.3500001,0.42,55.44000001,0.13,0.00025641
0.28946,0.4623,7755.849998,3.890000001,1548,9.763032001,21.64,1455.000001,6.151638499,2075.969999,5.220000001,460.9199999,0.41,45.15999999,0.12,0.000625
0.102385,0.308,2045.760001,4.999999998,1315.000001,11.247303,21.64,1455.000001,6.151638499,1989.92,5.800000003,452.5699999,0.42,51.95000002,0.11,0.00025641
0.282972,0.46454,8376.879999,12.69999999,1285,12.42983821,21.64,1455.000001,6.151638499,2070.479999,5.550000001,459.8599998,0.42,45.78000002,0.05,0.000526316
0.288293,0.45781,8391.519999,0.25,1606.000001,7.547778601,21.64,1455.000001,6.151638499,1940.459999,5.260000001,456.9200001,0.4,49.11,0.06,0.00047619
0.192066,0.3305,2020.37,21.64,1455.000001,6.151638499,3.350000001,1352.000001,7.438544299,1746.22,6.299999997,451.43,0.4,33.57,0.05,0.00037037
0.294317,0.45087,8054.589998,16.97,1305,12.3458347,21.64,1455.000001,6.151638499,2002.15,5.210000001,470.7900001,0.43,52.76000001,0.07,0.00025
0.050912,0.1959,2091.58,21.64,1455.000001,6.151638499,22.85999999,1303.999999,8.041725198,1243.14,7.2,567.0599999,0.36,22.11,1.00E-04,0.000105263
0.25211,0.50279,4231.400002,24.29999999,1316,12.25486279,21.64,1455.000001,6.151638499,1768.240001,5.450000002,442.8499999,0.39,45.18999998,0.13,0.000588235
0.169109,0.36022,1166.97,4.020000001,1286,5.945085001,21.64,1455.000001,6.151638499,1791.28,5.620000001,468.5199999,0.37,34.52999999,0.07,0.000208333
0.2347,0.26116,2521.96,5.999999999,1310,9.210340498,21.64,1455.000001,6.151638499,1613.600001,5.920000001,456.9600001,0.34,36.38,0.01,0.000344828
0.351357,0.47939,9155.990001,5.700000001,1174,4.995123402,21.64,1455.000001,6.151638499,2017.35,5.109999999,480.2099999,0.44,55.86999997,0.06,0.000243902
0.203712,0.42024,3216.990001,3.08,1332,17.5767098,21.64,1455.000001,6.151638499,2011.59,6.379999998,455.6300002,0.34,44.49999999,0.13,0.000526316
0.204518,0.4074,1259.470001,0.4,1718.000001,7.172849203,4.999999998,1315.000001,8.895872099,1951.279999,5.620000001,467.7499999,0.4,34.42000001,1.00E-04,0.000333333
0.07213,0.21886,1630.72,0.4,1718.000001,7.172849203,1.00E-04,2295.999999,5.898092697,1988.87,5.270000002,460.2000002,0.47,47.56000001,0.03,0.000294118
1.00E-04,0.19509,1630.89,1.860000001,1265,7.475525898,0.4,1718.000001,7.172849203,1817.87,5.969999998,558.6000003,0.44,35.87000002,1.00E-04,0.000111111
0.046861,0.27708,2462.790001,6.030000002,1307,8.520578401,0.4,1718.000001,7.172849203,1563.4,5.93,566.2600002,0.4,45.24999999,1.00E-04,0.000105263
0.022731,0.20975,948.6700003,3.299999998,1294,5.179369501,0.4,1718.000001,7.172849203,1717.25,5.790000002,535.78,0.45,47.43000001,1.00E-04,0.000104167
0.219138,0.46602,5355.68,0.4,1718.000001,7.172849203,1.00E-04,1245,4.845000701,1879.86,5.579999998,435.3499999,0.43,49.30999999,0.06,0.000454545
0.05913,0.25281,2292.879999,1.980000001,1309,8.144791596,0.4,1718.000001,7.172849203,1626.55,5.700000001,564.1400002,0.42,44.07000001,1.00E-04,0.000106383
1.00E-04,0.19598,752.6499998,3.070000001,1170,6.675704501,0.4,1718.000001,7.172849203,1777.960001,6.030000002,535.0599999,0.41,36.29999999,1.00E-04,0.000131579
0.115863,0.38338,4086.41,0.4,1718.000001,7.172849203,3.570000001,1344,5.836809599,2119.35,6.109999999,446.5999998,0.35,38.87000001,0.05,33.33333332
0.159031,0.41738,4220.040001,0.4,1718.000001,7.172849203,2.000000001,1525,5.3280978,2037.17,5.410000001,445.61,0.38,44.10999999,0.03,0.000833333
0.246772,0.47292,5188.05,0.4,1718.000001,7.172849203,2.000000001,1451,6.376057101,2037.15,5.999999999,450.65,0.36,36.65999998,0.02,0.000625
0.124609,0.32206,2909.720001,4.700000001,1262,9.949107205,0.4,1718.000001,7.172849203,2424.46,5.210000001,511.7599999,0.44,48.86999999,0.03,0.000212766
1.00E-04,0.1558,468.67,8.000000003,1269.999999,7.547134902,0.4,1718.000001,7.172849203,1581.249999,6.190000002,500.8799998,0.45,57.24999998,1.00E-04,0.000107527
0.14564,0.44816,4340.8,0.4,1718.000001,7.172849203,3.000000001,1329,8.945763596,2107.150001,5.640000003,491.2900001,0.39,39.67999998,0.02,0.000212766
0.165206,0.38211,3335.050001,2.000000001,1210,6.526194999,0.4,1718.000001,7.172849203,1728.119999,6.479999998,538.7700002,0.43,39.31999999,0.04,0.000178571
0.193279,0.36771,3655.070001,3.890000001,1548,9.763032001,0.4,1718.000001,7.172849203,2362.45,5.210000001,496.8000002,0.45,49.36000002,0.05,0.000238095
0.177075,0.41875,3727.85,0.4,1718.000001,7.172849203,4.999999998,1315.000001,11.247303,1981.54,6.05,475.3600001,0.39,30.54000001,0.04,0.00030303
0.247723,0.36541,4282.110001,12.69999999,1285,12.42983821,0.4,1718.000001,7.172849203,2390.09,5.43,495.2699998,0.47,48.65999998,0.04,0.000243902
0.332652,0.40521,4324.960001,0.25,1606.000001,7.547778601,0.4,1718.000001,7.172849203,2242.13,4.830000002,471.34,0.46,62.00999998,0.16,0.000227273
0.385923,0.59978,5621.960003,0.4,1718.000001,7.172849203,3.350000001,1352.000001,7.438544299,2014.819999,5.540000001,448.7500001,0.4,50.06999998,0.07,0.000434783
0.267686,0.37743,3932.540002,16.97,1305,12.3458347,0.4,1718.000001,7.172849203,2207.27,5.200000002,518.9899999,0.43,49.75999998,0.04,0.000178571
0.189694,0.39724,5217.960001,0.4,1718.000001,7.172849203,22.85999999,1303.999999,8.041725198,1723.57,6.099999999,473.92,0.39,46.62000002,0.05,0.000357143
1.00E-04,0.1258,341.0999999,24.29999999,1316,12.25486279,0.4,1718.000001,7.172849203,1802,6.460000001,505.4299999,0.31,4.500000001,1.00E-04,0.0002
0.103533,0.43333,4329.640001,0.4,1718.000001,7.172849203,4.020000001,1286,5.945085001,2016.569999,5.370000003,446.2800001,0.39,43.96000002,0.04,0.000666667
0.0792,0.45469,1760.229999,0.4,1718.000001,7.172849203,5.999999999,1310,9.210340498,2016.81,5.600000001,467.1000002,0.4,40.49,0.06,0.000357143
0.233969,0.36995,5029.630001,5.700000001,1174,4.995123402,0.4,1718.000001,7.172849203,2180.719999,4.950000002,525.6800002,0.45,53.50000001,0.08,0.000163934
0.098587,0.33141,1386.8,0.4,1718.000001,7.172849203,3.08,1332,17.5767098,2272.63,6.239999998,466.5799998,0.39,41.00000001,0.02,0.000526316
0.097922,0.25851,2333.27,2.000000001,1685,10.9622784,4.999999998,1315.000001,8.895872099,2137.12,5.600000001,472.7399998,0.44,38.80000001,0.03,0.000243902
0.167471,0.38106,2857.480001,1.860000001,1265,7.475525898,4.999999998,1315.000001,8.895872099,1941.57,5.43,514.0199999,0.42,45.35000002,0.09,0.000175439
0.23783,0.37556,3692.830001,6.030000002,1307,8.520578401,4.999999998,1315.000001,8.895872099,1807.799999,5.710000002,528.0399998,0.4,44.49999999,0.07,0.000144928
0.180987,0.38723,2162.86,3.299999998,1294,5.179369501,4.999999998,1315.000001,8.895872099,1953.059999,5.519999998,492.7199998,0.41,47.38000001,0.1,0.000188679
0.284665,0.54029,4315.439999,4.999999998,1315.000001,8.895872099,1.00E-04,1245,4.845000701,1711.48,6.07,465.6100001,0.39,37.96000001,0.05,0.000333333
0.194913,0.39215,3520.839998,1.980000001,1309,8.144791596,4.999999998,1315.000001,8.895872099,1829.049999,5.509999999,525.4900002,0.41,45.15000001,0.07,0.000149254
0.166883,0.42124,2011.940001,3.070000001,1170,6.675704501,4.999999998,1315.000001,8.895872099,1855.85,5.760000002,493.7400001,0.4,34.64000001,1.00E-04,0.0002
0.215282,0.42819,3309.11,4.999999998,1315.000001,8.895872099,3.570000001,1344,5.836809599,2061.87,5.530000003,448.5100001,0.36,38.57999998,0.04,0.000416667
0.235994,0.37602,3468.210001,4.999999998,1315.000001,8.895872099,2.000000001,1525,5.3280978,1924.87,5.600000001,451.21,0.37,33.64,0.04,3.846153846
0.273903,0.44748,4396.280001,4.999999998,1315.000001,8.895872099,2.000000001,1451,6.376057101,2477.480001,5.059999998,439.3099999,0.37,50.54999998,0.07,0.000769231
0.215654,0.33726,4007.510001,4.700000001,1262,9.949107205,4.999999998,1315.000001,8.895872099,2470.47,5.029999999,479.4699999,0.4,38.65,0.14,0.000357143
0.183586,0.37213,1567.94,8.000000003,1269.999999,7.547134902,4.999999998,1315.000001,8.895872099,1863.810001,5.760000002,477.0499999,0.38,29.83000001,0.03,0.000454545
0.226357,0.4293,3861.480001,4.999999998,1315.000001,8.895872099,3.000000001,1329,8.945763596,2133.93,5.029999999,468.81,0.36,40.30999999,0.1,0.000263158
0.238781,0.33013,4500.699999,2.000000001,1210,6.526194999,4.999999998,1315.000001,8.895872099,2231.96,5.600000001,506.0999999,0.4,38.34000001,0.06,0.000204082
0.230786,0.32218,4689.219999,3.890000001,1548,9.763032001,4.999999998,1315.000001,8.895872099,2542.080001,5.170000002,460.4800001,0.42,47.97000002,0.05,0.001428571
0.23839,0.42426,2468.68,4.999999998,1315.000001,8.895872099,4.999999998,1315.000001,11.247303,1994.329999,6.2,478.4200001,0.38,29.66000001,0.06,0.000277778
0.16104,0.31005,5300.879997,12.69999999,1285,12.42983821,4.999999998,1315.000001,8.895872099,2339.78,5.049999999,453.6500002,0.44,54.40000001,0.16,0.000526316
0.329318,0.36712,5298.779998,0.25,1606.000001,7.547778601,4.999999998,1315.000001,8.895872099,2235.45,4.86,452.86,0.43,51.61999999,0.09,0.000625
0.349196,0.53798,4849.26,4.999999998,1315.000001,8.895872099,3.350000001,1352.000001,7.438544299,2326.19,5.540000001,447.3100002,0.36,43.53000002,0.06,0.000625
0.123333,0.2699,5019.669998,16.97,1305,12.3458347,4.999999998,1315.000001,8.895872099,2226.859999,5.329999999,484.8800002,0.39,41.89,0.08,6.896551727
0.254587,0.50375,3976.69,4.999999998,1315.000001,8.895872099,22.85999999,1303.999999,8.041725198,1701.23,6.299999997,486.0499999,0.36,42.92999999,0.06,0.000357143
0.227065,0.39921,1216.13,24.29999999,1316,12.25486279,4.999999998,1315.000001,8.895872099,1958.53,6.290000002,473.25,0.38,27,0.07,0.000833333
0.246014,0.47442,3577.3,4.999999998,1315.000001,8.895872099,4.020000001,1286,5.945085001,1939.66,5.999999999,452.7100001,0.38,32.66000001,0.05,0.000333333
0.1277,0.43576,590.6300001,4.999999998,1315.000001,8.895872099,5.999999999,1310,9.210340498,1977.15,5.35,496.8799999,0.34,36.94999999,0.1,0.0005
0.255539,0.34259,6134.109998,5.700000001,1174,4.995123402,4.999999998,1315.000001,8.895872099,2294.479999,5.270000002,495.9499999,0.41,41.54999999,0.08,0.000285714
0.125689,0.30219,1557.4,3.08,1332,17.5767098,4.999999998,1315.000001,8.895872099,1598.15,7.060000003,509.6500002,0.33,13.51,0.05,0.000277778
0.060621,0.16194,2315.969999,1.860000001,1265,7.475525898,2.000000001,1685,10.9622784,1490.839999,5.890000002,540.5099998,0.49,42.38000001,1.00E-04,0.000120482
0.102801,0.29182,2912.55,6.030000002,1307,8.520578401,2.000000001,1685,10.9622784,1560.27,5.96,556.4,0.48,36.07999999,1.00E-04,0.000135135
0.058314,0.21708,1977.500001,3.299999998,1294,5.179369501,2.000000001,1685,10.9622784,1634.07,5.530000003,509.3200002,0.5,52.14999998,0.01,0.000151515
0.268457,0.48333,5225.98,2.000000001,1685,10.9622784,1.00E-04,1245,4.845000701,1788.38,5.490000003,465.8400002,0.43,43.64,0.04,0.000238095
0.082679,0.25374,2790.409999,1.980000001,1309,8.144791596,2.000000001,1685,10.9622784,1594.87,6.339999997,555.2600003,0.47,37.60999998,1.00E-04,0.000131579
0.073986,0.26275,1563.560001,3.070000001,1170,6.675704501,2.000000001,1685,10.9622784,1639.66,5.999999999,492.1699999,0.53,51.96000001,1.00E-04,0.00015625
0.21085,0.39261,3631.169999,2.000000001,1685,10.9622784,3.570000001,1344,5.836809599,2267.589999,5.100000001,489.2999999,0.4,45.13000001,0.07,0.000188679
0.243873,0.3776,3709.48,2.000000001,1685,10.9622784,2.000000001,1525,5.3280978,2377.95,5.159999997,496.6800002,0.44,41.65000002,0.02,0.000238095
0.292321,0.48716,4638.590001,2.000000001,1685,10.9622784,2.000000001,1451,6.376057101,2022.490001,5.57,505.6000001,0.4,35.72,0.07,5.357142858
0.197198,0.33483,3749.150001,4.700000001,1262,9.949107205,2.000000001,1685,10.9622784,1763.070001,5.750000001,531.4800001,0.45,47.11999998,0.04,0.00015873
0.063652,0.20176,1962.340001,8.000000003,1269.999999,7.547134902,2.000000001,1685,10.9622784,1602.45,6.08,477.1099999,0.51,56.24000003,0.03,0.000185185
0.222058,0.44939,3449.050001,2.000000001,1685,10.9622784,3.000000001,1329,8.945763596,1946,5.070000002,498.34,0.41,58.61999998,0.06,0.000227273
0.242274,0.35632,3936.859999,2.000000001,1210,6.526194999,2.000000001,1685,10.9622784,1617.529999,6.090000002,555.7599998,0.45,35.53,0.0075758,0.000133333
0.241831,0.3554,4549.900001,3.890000001,1548,9.763032001,2.000000001,1685,10.9622784,1753.500001,5.999999999,529.9100001,0.43,45.22999998,0.03,3.225806453
0.21929,0.42981,4460.18,2.000000001,1685,10.9622784,4.999999998,1315.000001,11.247303,1751.12,5.519999998,458.92,0.4,44.81999998,0.06,0.000277778
0.19387,0.35676,5159.310002,12.69999999,1285,12.42983821,2.000000001,1685,10.9622784,1902.48,5.400000002,532.4099999,0.45,50.65000002,0.02,0.000175439
0.273421,0.37579,5278.299999,0.25,1606.000001,7.547778601,2.000000001,1685,10.9622784,1883.1,5.820000001,522.1100002,0.42,39.73000001,0.03,5.084745764
0.372054,0.5984,5011.790002,2.000000001,1685,10.9622784,3.350000001,1352.000001,7.438544299,1730.880001,5.290000001,507.7899999,0.41,37.72000001,0.04,1.612903226
0.174862,0.32979,4693.26,16.97,1305,12.3458347,2.000000001,1685,10.9622784,1853.36,5.329999999,546.0700002,0.45,50.63,0.05,0.017857143
0.20865,0.41907,5691.309999,2.000000001,1685,10.9622784,22.85999999,1303.999999,8.041725198,2301.12,6.470000003,475.8599998,0.38,41.26000001,0.05,0.000277778
0.078101,0.21664,1971.669999,24.29999999,1316,12.25486279,2.000000001,1685,10.9622784,1954.009999,5.57,469.07,0.44,40.5,0.04,0.000277778
0.228406,0.44075,3806.220001,2.000000001,1685,10.9622784,4.020000001,1286,5.945085001,2248.78,5.170000002,499.0299999,0.44,39.37,0.06,0.00025
0.0543,0.37979,2499.440001,2.000000001,1685,10.9622784,5.999999999,1310,9.210340498,2029.200001,5.719999998,480.2000001,0.39,35.24999999,0.05,0.000227273
0.270511,0.36053,5675.580001,5.700000001,1174,4.995123402,2.000000001,1685,10.9622784,2030.79,5.270000002,561.29,0.49,48.92000001,0.07,0.00015873
0.146672,0.30751,937.7800001,2.000000001,1685,10.9622784,3.08,1332,17.5767098,1628.59,5.829999998,478.93,0.43,44.59000002,0.18,0.000153846
0.064165,0.22217,835.4700002,6.030000002,1307,8.520578401,1.860000001,1265,7.475525898,1388.25,6.010000003,579.4500001,0.33,44,1.00E-04,1.00E-04
0.006537,0.10841,694.6800001,1.860000001,1265,7.475525898,3.299999998,1294,5.179369501,1859.62,5.57,578.0399998,0.44,38.04000001,0.04,0.000120482
0.229875,0.50531,6955.12,1.860000001,1265,7.475525898,1.00E-04,1245,4.845000701,2073.93,5.659999999,471.2600001,0.42,39.65,0.03,0.00030303
0.05394,0.17788,663.8699999,1.980000001,1309,8.144791596,1.860000001,1265,7.475525898,1432.65,5.880000001,577.39,0.38,49.21000001,1.00E-04,1.00E-04
1.00E-04,0.17277,951.5900002,1.860000001,1265,7.475525898,3.070000001,1170,6.675704501,1383.4,6.239999998,587.6400003,0.41,25.05999999,1.00E-04,1.00E-04
0.10614,0.36887,5587.770001,1.860000001,1265,7.475525898,3.570000001,1344,5.836809599,1928.84,5.23,492.0299999,0.37,44.08999998,0.07,0.000204082
0.12159,0.38727,5704.729998,1.860000001,1265,7.475525898,2.000000001,1525,5.3280978,2031.869999,5.210000001,493.4,0.39,44.64999999,0.02,0.000169492
0.235104,0.47232,6672.529998,1.860000001,1265,7.475525898,2.000000001,1451,6.376057101,1975.03,5.35,490.3699999,0.39,46.57,0.14,0.000175439
0.078679,0.25018,1440.47,4.700000001,1262,9.949107205,1.860000001,1265,7.475525898,2198.609999,5.840000001,514.5199999,0.36,39.48000002,0.08,0.000181818
1.00E-04,0.12679,1300.55,1.860000001,1265,7.475525898,8.000000003,1269.999999,7.547134902,1844.929999,5.519999998,557.0400002,0.47,36.63000001,1.00E-04,0.000119048
0.108957,0.42306,5655.4,1.860000001,1265,7.475525898,3.000000001,1329,8.945763596,1874.47,5.01,511.0599999,0.42,52.28999999,0.05,0.000136986
0.115275,0.27074,1739.689999,2.000000001,1210,6.526194999,1.860000001,1265,7.475525898,2207.44,4.969999999,539.5400002,0.43,53.81000003,0.18,0.000322581
0.188489,0.31012,2239.81,3.890000001,1548,9.763032001,1.860000001,1265,7.475525898,2116.899999,5.770000003,516.4899999,0.34,36.94000001,0.04,1.923076922
0.180876,0.44554,5312.310001,1.860000001,1265,7.475525898,4.999999998,1315.000001,11.247303,1887.93,5.849999999,496.6100001,0.42,36.47000001,0.03,0.000204082
0.20859,0.30683,2857.310001,12.69999999,1285,12.42983821,1.860000001,1265,7.475525898,2232.78,5.719999998,518.8300002,0.38,44.43,0.03,2.222222222
0.313686,0.38631,2964.6,0.25,1606.000001,7.547778601,1.860000001,1265,7.475525898,2251.439999,5.36,505.06,0.36,36.93000001,0.07,0.00025641
0.356876,0.56161,7087.660002,1.860000001,1265,7.475525898,3.350000001,1352.000001,7.438544299,2003.599999,5.840000001,500.8400001,0.39,40.55000002,0.03,0.0002
0.219117,0.26875,2423.520001,16.97,1305,12.3458347,1.860000001,1265,7.475525898,1885.09,5.559999999,527.6699998,0.44,53.83000002,0.09,0.000172414
0.201681,0.44099,6833.719998,1.860000001,1265,7.475525898,22.85999999,1303.999999,8.041725198,1804.780001,6.019999998,496.4899999,0.39,45.35000002,0.05,0.00025641
1.00E-04,0.19779,1652.37,1.860000001,1265,7.475525898,24.29999999,1316,12.25486279,1782.16,5.640000003,544.4800001,0.45,34.12000001,1.00E-04,0.000117647
0.100219,0.43333,5811.610001,1.860000001,1265,7.475525898,4.020000001,1286,5.945085001,2016.65,5.270000002,493.2100001,0.39,44.91,0.05,0.000166667
0.0392,0.48304,3387.399998,1.860000001,1265,7.475525898,5.999999999,1310,9.210340498,1970.299999,5.760000002,511.5199998,0.43,40.88999998,0.06,0.000178571
0.216155,0.30506,3475.34,5.700000001,1174,4.995123402,1.860000001,1265,7.475525898,2161.24,5.280000001,545.1700002,0.49,48.39000001,0.02,0.000217391
0.063974,0.29711,2685.400001,1.860000001,1265,7.475525898,3.08,1332,17.5767098,1708.6,5.629999999,531.2700002,0.41,49.53000002,1.00E-04,0.000149254
0.044216,0.16809,1529.969999,6.030000002,1307,8.520578401,3.299999998,1294,5.179369501,1629.149999,5.920000001,578.7499998,0.38,41.09,0.01,0.000108696
0.267164,0.54727,7760.240004,6.030000002,1307,8.520578401,1.00E-04,1245,4.845000701,1874.22,5.620000001,485.9199999,0.41,44.14000001,0.05,0.000227273
0.0246,0.19543,172.57,6.030000002,1307,8.520578401,1.980000001,1309,8.144791596,1304.83,7.440000001,591.45,0.15,6.500000001,1.00E-04,0.000120482
0.018628,0.26949,1755.94,6.030000002,1307,8.520578401,3.070000001,1170,6.675704501,1856.77,5.370000003,587.3299997,0.38,54.96,0.01,0.000107527
0.1811,0.39815,6349.379998,6.030000002,1307,8.520578401,3.570000001,1344,5.836809599,1914.079999,5.810000001,515.2100002,0.37,34.18000001,0.01,0.000178571
0.233912,0.42445,6458.450001,6.030000002,1307,8.520578401,2.000000001,1525,5.3280978,1755.380001,5.96,515.1799999,0.39,39.74,0.06,0.000144928
0.293583,0.47604,7421.239999,6.030000002,1307,8.520578401,2.000000001,1451,6.376057101,1958.07,5.989999999,512.69,0.4,44,0.04,0.000192308
0.117798,0.20123,1019.55,4.700000001,1262,9.949107205,6.030000002,1307,8.520578401,2058.020001,5.820000001,519.7900001,0.35,38.99999999,0.02,0.00125
0.00185,0.17664,2132.65,6.030000002,1307,8.520578401,8.000000003,1269.999999,7.547134902,1702.12,5.820000001,564.1400002,0.42,39.76999999,0.01,0.000111111
0.176838,0.40851,6338.030003,6.030000002,1307,8.520578401,3.000000001,1329,8.945763596,1779.190001,5.780000002,521.1400002,0.45,47.89999998,0.04,1.538461538
0.157464,0.23851,1025.74,2.000000001,1210,6.526194999,6.030000002,1307,8.520578401,1721.54,5.890000002,551.43,0.37,45.93999999,0.02,0.000121951
0.168076,0.26057,1757.560001,3.890000001,1548,9.763032001,6.030000002,1307,8.520578401,1961.010001,5.670000001,526.5000002,0.42,47.31999999,0.06,0.000212766
0.236609,0.42083,6145.110003,6.030000002,1307,8.520578401,4.999999998,1315.000001,11.247303,1874.839999,5.719999998,506.4100001,0.41,38.23999999,0.02,0.000178571
0.181046,0.25668,2314.969999,12.69999999,1285,12.42983821,6.030000002,1307,8.520578401,2283.57,5.200000002,541.1399998,0.42,45.00000001,0.06,0.00025641
0.348463,0.31458,2482.9,0.25,1606.000001,7.547778601,6.030000002,1307,8.520578401,2135.370001,5.270000002,519.1900001,0.43,48.83,0.08,0.00025641
0.403061,0.55342,7825.879999,6.030000002,1307,8.520578401,3.350000001,1352.000001,7.438544299,1846.909999,5.820000001,518.5599998,0.41,38.17000001,0.04,0.00015625
0.233103,0.2191,1806.730001,16.97,1305,12.3458347,6.030000002,1307,8.520578401,2187.08,5.239999998,554.34,0.4,44.49999999,0.04,0.0002
0.232808,0.48131,7669.180003,6.030000002,1307,8.520578401,22.85999999,1303.999999,8.041725198,1750.95,5.989999999,505.5600001,0.38,44.94000001,0.04,0.000217391
0.072418,0.29188,2485.39,6.030000002,1307,8.520578401,24.29999999,1316,12.25486279,1670.65,5.849999999,555.4599998,0.41,38.23999999,0.01,0.000114943
0.167034,0.42604,6563.540003,6.030000002,1307,8.520578401,4.020000001,1286,5.945085001,1780.060001,5.969999998,515.78,0.39,39.94999999,0.07,0.000151515
0.1158,0.45,4221.45,6.030000002,1307,8.520578401,5.999999999,1310,9.210340498,1797.95,5.540000001,525.85,0.41,43.39000001,0.04,0.000149254
0.204393,0.22386,2764.249999,5.700000001,1174,4.995123402,6.030000002,1307,8.520578401,2180.88,4.920000002,563.8800001,0.49,60.45999998,0.18,0.000149254
0.130093,0.31591,3426.479999,6.030000002,1307,8.520578401,3.08,1332,17.5767098,1653.910001,6.139999999,552.9899999,0.41,33.81999998,1.00E-04,0.000136986
0.283118,0.53723,6298.629997,3.299999998,1294,5.179369501,1.00E-04,1245,4.845000701,1904.44,5.34,447.5900001,0.42,52.14999998,0.15,0.000263158
0.003141,0.13761,1358.03,1.980000001,1309,8.144791596,3.299999998,1294,5.179369501,1651.6,5.700000001,577.6900002,0.41,44.12999999,0.04,0.000107527
0.011684,0.23654,415.8899999,3.299999998,1294,5.179369501,3.070000001,1170,6.675704501,1538.92,5.900000001,567.64,0.38,44.70999999,1.00E-04,1.00E-04
0.183231,0.36657,4983.329999,3.299999998,1294,5.179369501,3.570000001,1344,5.836809599,1902.57,5.700000001,471.3500001,0.37,38.24999999,0.06,3.448275862
0.225462,0.41268,5108.629997,3.299999998,1294,5.179369501,2.000000001,1525,5.3280978,1923.539999,5.01,469.62,0.41,45.45000002,0.04,0.000277778
0.285793,0.48371,6078.449998,3.299999998,1294,5.179369501,2.000000001,1451,6.376057101,1920.859999,5.270000002,469.06,0.4,42.52999999,0.02,0.00027027
0.114735,0.2339,1988.949999,4.700000001,1262,9.949107205,3.299999998,1294,5.179369501,2282.35,5.109999999,518.6700001,0.39,42.15999999,0.08,0.000294118
1.00E-04,0.1102,611.1800001,3.299999998,1294,5.179369501,8.000000003,1269.999999,7.547134902,1778.089999,6.539999997,538.8400001,0.47,33.04000001,1.00E-04,0.000111111
0.197635,0.43597,5136.909998,3.299999998,1294,5.179369501,3.000000001,1329,8.945763596,1719.159999,5.98,508.0899999,0.38,37.05000001,0.05,0.000144928
0.151591,0.28646,2387.699999,2.000000001,1210,6.526194999,3.299999998,1294,5.179369501,1838.8,6.339999997,541.1000002,0.42,44.09999998,0.06,0.000238095
0.170615,0.29413,2759.350001,3.890000001,1548,9.763032001,3.299999998,1294,5.179369501,2457.270001,5.070000002,508.9100002,0.39,45.35000002,0.07,0.00025
0.247952,0.45871,4618.849998,3.299999998,1294,5.179369501,4.999999998,1315.000001,11.247303,1898.730001,5.730000002,484.6799998,0.41,38.68000002,0.05,0.000238095
0.1725,0.28459,3387.640001,12.69999999,1285,12.42983821,3.299999998,1294,5.179369501,2344.749999,5.150000002,508.9500001,0.4,48.81,0.07,0.00025
0.291937,0.34337,3455.329999,0.25,1606.000001,7.547778601,3.299999998,1294,5.179369501,2633.339999,5.01,484.42,0.44,55.04999999,0.1,0.000526316
0.389213,0.58193,6503.490001,3.299999998,1294,5.179369501,3.350000001,1352.000001,7.438544299,2299.349999,4.840000001,470.5999999,0.42,56.17000003,0.13,0.000322581
0.155045,0.22184,3007.570001,16.97,1305,12.3458347,3.299999998,1294,5.179369501,2141.38,5.300000002,528.5800002,0.41,45.64,0.07,0.000185185
0.255968,0.45162,6139.279997,3.299999998,1294,5.179369501,22.85999999,1303.999999,8.041725198,1766.84,6.179999997,487.3399998,0.38,45.60000002,0.06,0.000277778
0.040444,0.22782,960.1200003,3.299999998,1294,5.179369501,24.29999999,1316,12.25486279,1640.51,5.939999998,523.37,0.45,35.47999998,1.00E-04,0.000119048
0.201846,0.43996,5217.079998,3.299999998,1294,5.179369501,4.020000001,1286,5.945085001,1930.449999,4.920000002,469.4899999,0.41,47.62,0.02,0.00025
0.0634,0.41212,2696.69,3.299999998,1294,5.179369501,5.999999999,1310,9.210340498,1930.960001,5.719999998,491.7299998,0.42,43.53000002,0.05,0.000196078
0.187178,0.26169,4093.829999,5.700000001,1174,4.995123402,3.299999998,1294,5.179369501,2322.509999,5.490000003,536.7300001,0.44,45.31000001,0.07,0.000208333
0.103062,0.30627,2137.489999,3.299999998,1294,5.179369501,3.08,1332,17.5767098,1924.83,5.900000001,509.62,0.39,36.98,0.01,0.000192308
0.264834,0.54239,7598.349997,1.980000001,1309,8.144791596,1.00E-04,1245,4.845000701,1905.66,5.610000003,481.4800002,0.41,47.03,0.03,0.000238095
0.184325,0.43343,6007.849997,3.070000001,1170,6.675704501,1.00E-04,1245,4.845000701,1954.78,5.629999999,454.2300001,0.42,40.41,0.04,0.000344828
0.109718,0.26518,1719.570001,3.570000001,1344,5.836809599,1.00E-04,1245,4.845000701,1516.130001,5.540000001,422.9200001,0.41,51.17000001,0.05,0.002
0.131931,0.26941,1732.700001,2.000000001,1525,5.3280978,1.00E-04,1245,4.845000701,1614.44,5.139999998,415.1900001,0.43,58.00000003,0.05,0.002
0.141354,0.31102,1394.98,2.000000001,1451,6.376057101,1.00E-04,1245,4.845000701,1851.589999,5.900000001,407.1400001,0.39,49.48000002,0.06,0.005
0.228043,0.44096,8259.209998,4.700000001,1262,9.949107205,1.00E-04,1245,4.845000701,2035.979999,5.139999998,463.82,0.43,46.22000001,0.07,0.000277778
0.233846,0.47599,5780.110002,8.000000003,1269.999999,7.547134902,1.00E-04,1245,4.845000701,1931.49,5.410000001,450.0100001,0.42,42.34000001,0.07,0.000294118
0.149089,0.31707,2647.830001,3.000000001,1329,8.945763596,1.00E-04,1245,4.845000701,2005.369999,5.239999998,453.3899999,0.4,55.28999998,0.15,0.533333334
0.222219,0.46864,8685.039997,2.000000001,1210,6.526194999,1.00E-04,1245,4.845000701,2171.58,5.210000001,474.6,0.42,50.56000001,0.09,0.000263158
0.213883,0.44777,8979.090001,3.890000001,1548,9.763032001,1.00E-04,1245,4.845000701,1945.960001,5.419999998,463.0399998,0.41,44.35000001,0.03,0.000333333
0.022811,0.21558,2783.86,4.999999998,1315.000001,11.247303,1.00E-04,1245,4.845000701,1700.53,5.469999998,478.79,0.45,58.70000001,0.03,0.000208333
0.288925,0.50797,9598.640002,12.69999999,1285,12.42983821,1.00E-04,1245,4.845000701,2062.44,5.440000001,463.6100002,0.42,46.25,0.05,0.000416667
0.280357,0.53165,9608.520001,0.25,1606.000001,7.547778601,1.00E-04,1245,4.845000701,1995.39,5.220000001,460.14,0.4,44.21000001,0.08,0.0005
0.206697,0.40057,1604.8,3.350000001,1352.000001,7.438544299,1.00E-04,1245,4.845000701,2110.59,5.139999998,414.1900001,0.43,45.7,0.07,0.002
0.324461,0.54137,9281.620005,16.97,1305,12.3458347,1.00E-04,1245,4.845000701,1970.66,5.150000002,471.52,0.43,45.4,0.1,0.000227273
0.053753,0.21301,2004.750001,22.85999999,1303.999999,8.041725198,1.00E-04,1245,4.845000701,1336.31,6.019999998,517.2100002,0.41,39.47000001,0.02,0.000126582
0.244986,0.48014,5455.18,24.29999999,1316,12.25486279,1.00E-04,1245,4.845000701,1790.63,5.34,451.43,0.4,44.59000002,0.06,0.000384615
0.095597,0.29286,1687.22,4.020000001,1286,5.945085001,1.00E-04,1245,4.845000701,1620.630001,5.680000002,409.2799998,0.45,61.45,0.04,0.002
0.2758,0.41817,3724.810001,5.999999999,1310,9.210340498,1.00E-04,1245,4.845000701,1639.259999,6.350000001,461.1799999,0.4,37.68999999,0.04,0.000322581
0.289313,0.50106,10384.17,5.700000001,1174,4.995123402,1.00E-04,1245,4.845000701,1992.3,5.01,479.0399999,0.44,51.07000002,0.05,0.000227273
0.179542,0.41161,4415.920001,3.08,1332,17.5767098,1.00E-04,1245,4.845000701,1783.07,6.569999997,460.5999998,0.38,35.56000001,0.03,2.702702702
0.036496,0.27004,1591.55,1.980000001,1309,8.144791596,3.070000001,1170,6.675704501,1724.57,5.719999998,584.0299998,0.4,62.08999998,0.05,0.000102041
0.172917,0.34667,6197.639997,1.980000001,1309,8.144791596,3.570000001,1344,5.836809599,1999.000001,5.730000002,510.9900002,0.37,39.18000002,0.0096618,0.000185185
0.226314,0.41034,6308.530001,1.980000001,1309,8.144791596,2.000000001,1525,5.3280978,1846.599999,5.890000002,510.9399998,0.39,40.27000001,0.06,0.000151515
0.248788,0.47949,7272.710001,1.980000001,1309,8.144791596,2.000000001,1451,6.376057101,1971.8,5.880000001,508.23,0.39,43.51000001,0.06,0.000192308
0.133241,0.25584,1051.78,4.700000001,1262,9.949107205,1.980000001,1309,8.144791596,2140.61,5.629999999,518.3600002,0.34,40.55000002,0.08,0.625
0.019841,0.14518,1960.14,1.980000001,1309,8.144791596,8.000000003,1269.999999,7.547134902,1735.100001,5.719999998,562.2999998,0.44,41.80000002,0.01,0.000108696
0.186097,0.37888,6203.640003,1.980000001,1309,8.144791596,3.000000001,1329,8.945763596,1941.249999,5.519999998,519.0599998,0.45,46.3,0.05,4.477611939
0.153602,0.27842,1149.86,2.000000001,1210,6.526194999,1.980000001,1309,8.144791596,1857.25,6.07,556.5600002,0.36,32.57999999,0.02,0.070422535
0.151913,0.31374,1822.06,3.890000001,1548,9.763032001,1.980000001,1309,8.144791596,1987.519999,5.730000002,522.8799999,0.4,44.82999999,0.09,0.025
0.209301,0.43121,5972.580001,1.980000001,1309,8.144791596,4.999999998,1315.000001,11.247303,1900.39,5.750000001,504.2299999,0.42,39.35999999,0.03,0.000172414
0.168578,0.27293,2399.829999,12.69999999,1285,12.42983821,1.980000001,1309,8.144791596,2277.279999,5.090000002,532.8399997,0.43,43.96999999,0.06,0.05
0.272908,0.35767,2553.290001,0.25,1606.000001,7.547778601,1.980000001,1309,8.144791596,2043.720001,5.410000001,514.98,0.41,43.04000001,0.09,0.048780488
0.340679,0.55948,7679.829996,1.980000001,1309,8.144791596,3.350000001,1352.000001,7.438544299,1872.729999,5.849999999,515.3800002,0.41,41.44,0.02,0.000166667
0.177851,0.25948,1908.32,16.97,1305,12.3458347,1.980000001,1309,8.144791596,2207.87,5.35,546.1800001,0.4,47.94999998,0.1,0.12
0.247132,0.47547,7497.319998,1.980000001,1309,8.144791596,22.85999999,1303.999999,8.041725198,1744.919999,6.030000002,503.6499998,0.39,45.20999999,0.04,0.000212766
0.074037,0.24427,2312.920001,1.980000001,1309,8.144791596,24.29999999,1316,12.25486279,1700.66,5.770000003,552.1100001,0.43,39.16000001,0.01,0.000117647
0.174379,0.38008,6414.060002,1.980000001,1309,8.144791596,4.020000001,1286,5.945085001,1810.860001,5.939999998,510.8999998,0.39,42.65,0.1,0.000147059
0.1024,0.45463,4050.799998,1.980000001,1309,8.144791596,5.999999999,1310,9.210340498,1843.38,5.739999998,522.47,0.42,41.99000001,0.03,0.00015873
0.184519,0.31478,2896.040001,5.700000001,1174,4.995123402,1.980000001,1309,8.144791596,2053.919999,5.410000001,563.0899998,0.48,47.31000002,0.05,0.014705882
0.097378,0.28287,3277.340001,1.980000001,1309,8.144791596,3.08,1332,17.5767098,1737.460001,5.909999998,548.4700002,0.41,37.45,0.01,0.000135135
0.094067,0.36567,4639.749998,3.070000001,1170,6.675704501,3.570000001,1344,5.836809599,1923.470001,5.440000001,470.0900001,0.36,44.79999998,0.08,0.00027027
0.129124,0.38048,4759.089998,3.070000001,1170,6.675704501,2.000000001,1525,5.3280978,2201.64,4.960000001,470.52,0.39,48.82,0.05,0.00025
0.171688,0.42366,5727.92,3.070000001,1170,6.675704501,2.000000001,1451,6.376057101,2158.81,5.090000002,469.78,0.39,48.73999999,0.05,0.000222222
0.083706,0.27697,2348.15,4.700000001,1262,9.949107205,3.070000001,1170,6.675704501,2224.41,6.350000001,540.2100001,0.36,27.86999999,0.05,0.000181818
1.00E-04,0.17634,642.3599999,3.070000001,1170,6.675704501,8.000000003,1269.999999,7.547134902,1743.679999,4.939999999,542.1100001,0.45,39.04000002,0.04,0.00012987
0.105043,0.39148,4748.57,3.070000001,1170,6.675704501,3.000000001,1329,8.945763596,1710.670001,5.490000003,500.8999998,0.39,45.90999999,0.06,0.000131579
0.114386,0.29556,2691.000001,2.000000001,1210,6.526194999,3.070000001,1170,6.675704501,1895.5,5.800000003,555.9599999,0.42,41.66000001,0.1,0.000178571
0.151593,0.33393,3133.199998,3.890000001,1548,9.763032001,3.070000001,1170,6.675704501,2093.380001,5.98,529.9699999,0.36,33.17,0.05,2.272727273
0.136268,0.39241,4479.839998,3.070000001,1170,6.675704501,4.999999998,1315.000001,11.247303,1914.980001,5.969999998,485.0400001,0.39,31.02000001,0.05,0.000232558
0.185228,0.35504,3759.64,12.69999999,1285,12.42983821,3.070000001,1170,6.675704501,2221.08,5.890000002,528.4699999,0.37,38.12000001,0.11,2.272727273
0.303214,0.44137,3840.190002,0.25,1606.000001,7.547778601,3.070000001,1170,6.675704501,2479.14,5.200000002,507.0299998,0.41,41.67999998,0.06,0.000333333
0.29379,0.5375,6146.770003,3.070000001,1170,6.675704501,3.350000001,1352.000001,7.438544299,2240.61,5.499999999,480.8200001,0.39,42.74,0.03,0.000285714
0.192494,0.33929,3355.369998,16.97,1305,12.3458347,3.070000001,1170,6.675704501,1808.349999,5.760000002,541.76,0.4,38.94999999,0.03,0.000147059
0.145972,0.37775,5960.429999,3.070000001,1170,6.675704501,22.85999999,1303.999999,8.041725198,1715.91,5.939999998,476.8199999,0.4,47.38000001,0.02,5.882352942
0.013651,0.20639,911.1299996,3.070000001,1170,6.675704501,24.29999999,1316,12.25486279,1656.160001,5.589999999,519.4599998,0.44,62.37999999,1.00E-04,0.000135135
0.071325,0.40595,4866.510001,3.070000001,1170,6.675704501,4.020000001,1286,5.945085001,2230.23,5.059999998,471.04,0.4,49.43999999,0.03,0.000227273
0.0583,0.52991,2497.920001,3.070000001,1170,6.675704501,5.999999999,1310,9.210340498,1847.770001,5.820000001,484.7000001,0.41,40.14999998,0.02,9.090909089
0.17681,0.34715,4422.289998,5.700000001,1174,4.995123402,3.070000001,1170,6.675704501,2150.98,5.400000002,550.5099998,0.46,41.64000001,0.1,0.000175439
0.049625,0.29309,1755.650001,3.070000001,1170,6.675704501,3.08,1332,17.5767098,1763.130001,5.880000001,499.1400002,0.38,41.53999998,0.05,0.000169492
0.006424,0.1594,175.8400001,3.570000001,1344,5.836809599,2.000000001,1525,5.3280978,1347.16,8.400000001,488.9999998,0.46,5.159999997,1.00E-04,1.00E-04
0.137295,0.25614,1103.76,3.570000001,1344,5.836809599,2.000000001,1451,6.376057101,2317.239999,6.150000001,464.2599999,0.33,20.32000001,0.05,0.000344828
0.138536,0.34912,6972.269998,4.700000001,1262,9.949107205,3.570000001,1344,5.836809599,2016.47,5.519999998,484.5799998,0.37,39.09000001,0.07,3.333333332
0.123232,0.35637,4546.05,8.000000003,1269.999999,7.547134902,3.570000001,1344,5.836809599,1993.199999,5.969999998,448.08,0.36,41.86,0.1,17.39130434
0.013906,0.17496,1138.26,3.000000001,1329,8.945763596,3.570000001,1344,5.836809599,2074.309999,5.840000001,543.8200001,0.39,29.15000001,0.1,0.191176471
0.145351,0.37248,7325.869999,2.000000001,1210,6.526194999,3.570000001,1344,5.836809599,2109.370001,5.150000002,505.6700002,0.38,48.33000001,0.04,0.000217391
0.189181,0.35466,7735.639997,3.890000001,1548,9.763032001,3.570000001,1344,5.836809599,2098.009999,5.600000001,478.12,0.39,41.12999999,0.05,3.333333332
0.070555,0.20863,2916.03,4.999999998,1315.000001,11.247303,3.570000001,1344,5.836809599,2090.890001,5.820000001,445.6000002,0.42,48.80000001,0.11,0.03125
0.249136,0.41518,8363.799998,12.69999999,1285,12.42983821,3.570000001,1344,5.836809599,2089.150001,5.550000001,478.54,0.4,42.44000001,0.03,3.124999999
0.293556,0.48735,8411.359999,0.25,1606.000001,7.547778601,3.570000001,1344,5.836809599,2174.620001,5.469999998,459.5099998,0.41,50.86,0.07,13.79310345
0.195379,0.33578,1547.95,3.570000001,1344,5.836809599,3.350000001,1352.000001,7.438544299,1779.15,6.740000001,468.5600001,0.36,23.88000001,0.01,0.000384615
0.276896,0.43088,7989.200003,16.97,1305,12.3458347,3.570000001,1344,5.836809599,1989.39,5.57,495.8000002,0.38,38.80000001,0.04,2.43902439
0.094495,0.28091,3073.820001,3.570000001,1344,5.836809599,22.85999999,1303.999999,8.041725198,1401.2,6.699999997,533.7500002,0.35,29.52000001,0.01,0.012345679
0.154612,0.41007,4264.559999,24.29999999,1316,12.25486279,3.570000001,1344,5.836809599,2156.459999,5.829999998,441.8099998,0.37,38.83000001,0.09,18.18181819
1.00E-04,0.11933,274.84,3.570000001,1344,5.836809599,4.020000001,1286,5.945085001,1342.099999,7.599999998,488.9999998,0.45,4.100000001,1.00E-04,1.00E-04
0.171,0.33973,2767.960001,5.999999999,1310,9.210340498,3.570000001,1344,5.836809599,2089.31,6.05,429.8599999,0.38,53.50000001,0.09,0.0005
0.247415,0.41417,9061.979998,5.700000001,1174,4.995123402,3.570000001,1344,5.836809599,2047.870001,5.34,509.4300002,0.41,44.23000001,0.06,0.000222222
0.078331,0.27416,2925.119999,3.08,1332,17.5767098,3.570000001,1344,5.836809599,2011.66,6.06,477.57,0.33,36.09999999,0.06,0.000243902
0.151526,0.22627,969.8199997,2.000000001,1525,5.3280978,2.000000001,1451,6.376057101,1846.450001,6.579999998,465.8100002,0.37,22.80999999,0.03,0.000238095
0.152695,0.32515,7097.000003,4.700000001,1262,9.949107205,2.000000001,1525,5.3280978,2008.349999,5.080000002,484.7499999,0.4,45.66,0.04,0.000285714
0.161181,0.36706,4681.890002,8.000000003,1269.999999,7.547134902,2.000000001,1525,5.3280978,1928.2,5.559999999,447.7799998,0.38,45.15999999,0.1,0.000454545
0.043143,0.2497,1017.78,3.000000001,1329,8.945763596,2.000000001,1525,5.3280978,2067.64,6.650000002,557.9500002,0.35,20.19999999,0.05,0.363636364
0.151275,0.32394,7440.940001,2.000000001,1210,6.526194999,2.000000001,1525,5.3280978,2135.130001,5.109999999,508.5300001,0.4,48.03000002,0.05,0.000185185
0.216695,0.32677,7864.239999,3.890000001,1548,9.763032001,2.000000001,1525,5.3280978,2172.01,5.39,478.8999998,0.41,43.24999998,0.04,6.06060606
0.116923,0.2708,3081.510001,4.999999998,1315.000001,11.247303,2.000000001,1525,5.3280978,2016.34,5.810000001,448.1500001,0.43,47.94,0.07,0.026315789
0.27833,0.37476,8492.62,12.69999999,1285,12.42983821,2.000000001,1525,5.3280978,2158,5.35,480.1000002,0.42,44.52999999,0.04,5.882352942
0.330512,0.4862,8543.999998,0.25,1606.000001,7.547778601,2.000000001,1525,5.3280978,2161.27,5.270000002,461.5700001,0.42,51.32000001,0.07,0.000333333
0.21406,0.29346,1403.41,2.000000001,1525,5.3280978,3.350000001,1352.000001,7.438544299,1626.079999,6.41,465.3799999,0.4,39.71999999,0.04,0.000277778
0.302235,0.39755,8111.949999,16.97,1305,12.3458347,2.000000001,1525,5.3280978,2046.31,5.329999999,496.2400002,0.4,45.52000001,0.07,0.000217391
0.124748,0.28522,3187.11,2.000000001,1525,5.3280978,22.85999999,1303.999999,8.041725198,1427.160001,6.319999999,527.6499999,0.37,33.46999999,0.01,0.000121951
0.195322,0.40151,4405.65,24.29999999,1316,12.25486279,2.000000001,1525,5.3280978,2056.550001,5.849999999,442.72,0.38,40.42,0.08,0.000625
1.00E-04,0.18897,110.3,2.000000001,1525,5.3280978,4.020000001,1286,5.945085001,1386,6.820000001,487.6400001,0.55,1.75,1.00E-04,1.00E-04
0.2016,0.35176,2932.420001,5.999999999,1310,9.210340498,2.000000001,1525,5.3280978,2041.380001,5.760000002,435.8100002,0.4,48.42000002,0.03,0.000454545
0.269638,0.36951,9179.970003,5.700000001,1174,4.995123402,2.000000001,1525,5.3280978,2140.030001,5.280000001,512.29,0.43,44.45,0.02,0.000188679
0.095584,0.27154,3032.000001,3.08,1332,17.5767098,2.000000001,1525,5.3280978,1846.08,5.969999998,473.01,0.37,45.72,0.13,0.000151515
0.194203,0.32292,8066.760003,4.700000001,1262,9.949107205,2.000000001,1451,6.376057101,1985.680001,5.179999999,482.2699999,0.4,44.87999999,0.06,0.00027027
0.250278,0.45893,5648.76,8.000000003,1269.999999,7.547134902,2.000000001,1451,6.376057101,1970.76,6.179999997,452.09,0.36,38.20000001,0.07,3.846153846
0.121745,0.23042,1452.8,3.000000001,1329,8.945763596,2.000000001,1451,6.376057101,1869.55,6.139999999,505.7099998,0.36,37.51,0.08,0.166666667
0.177255,0.33234,8407.530001,2.000000001,1210,6.526194999,2.000000001,1451,6.376057101,2112.86,5.620000001,506.5499997,0.39,47.82,0.08,0.000217391
0.165229,0.34107,8833.909998,3.890000001,1548,9.763032001,2.000000001,1451,6.376057101,2137.010001,5.620000001,477.6599998,0.4,40.03999998,0.04,6.451612903
0.089109,0.26458,3628.149998,4.999999998,1315.000001,11.247303,2.000000001,1451,6.376057101,1922.069999,5.810000001,454.6199999,0.41,42.44000001,0.04,0.000263158
0.234121,0.37366,9462.259999,12.69999999,1285,12.42983821,2.000000001,1451,6.376057101,2129.439999,5.610000003,478.71,0.41,41.26000001,0.05,6.06060606
0.360555,0.4375,9512.629997,0.25,1606.000001,7.547778601,2.000000001,1451,6.376057101,2174.45,5.419999998,461.5299999,0.41,47.71999999,0.07,0.0004
0.040652,0.22511,455.9499998,2.000000001,1451,6.376057101,3.350000001,1352.000001,7.438544299,1838.25,6.190000002,470.1500001,0.37,26.62,1.00E-04,0.000833333
0.298766,0.38889,9081.410001,16.97,1305,12.3458347,2.000000001,1451,6.376057101,2066.190001,5.620000001,492.8099999,0.4,44.48,0.07,0.000204082
0.172926,0.30944,3293.809999,2.000000001,1451,6.376057101,22.85999999,1303.999999,8.041725198,1520.2,6.2,479.85,0.45,49.64999998,0.02,0.00025641
0.269908,0.49587,5368.319998,24.29999999,1316,12.25486279,2.000000001,1451,6.376057101,2191.3,5.840000001,446.3100001,0.36,35.16999998,0.08,15.38461538
0.126739,0.32292,861.5699997,4.020000001,1286,5.945085001,2.000000001,1451,6.376057101,1805.37,6.150000001,463.64,0.36,32.50999999,0.03,0.000208333
0.2916,0.46944,3841.170001,5.999999999,1310,9.210340498,2.000000001,1451,6.376057101,2532.030001,5.01,420.4499999,0.4,62.33000001,0.07,0.001666667
0.218399,0.35175,10147.86,5.700000001,1174,4.995123402,2.000000001,1451,6.376057101,2044.17,5.290000001,509.04,0.42,47.58999999,0.1,0.000188679
0.104107,0.34219,3995.370001,3.08,1332,17.5767098,2.000000001,1451,6.376057101,2166.780001,5.920000001,475.2100002,0.38,48.98000002,0.1,0.0003125
0.084029,0.22161,2479.6,4.700000001,1262,9.949107205,8.000000003,1269.999999,7.547134902,2259.739999,4.93,499.24,0.44,47.23999998,0.06,0.0002
0.127218,0.31946,7088.819999,4.700000001,1262,9.949107205,3.000000001,1329,8.945763596,1848.75,5.379999999,512.97,0.39,46.02000002,0.05,0.000136986
1.00E-04,0.08381,644.0500001,2.000000001,1210,6.526194999,4.700000001,1262,9.949107205,1506.59,6.21,559.7200002,0.43,5.220000001,1.00E-04,0.00012987
0.04598,0.11491,800.7600002,3.890000001,1548,9.763032001,4.700000001,1262,9.949107205,1718.22,6.579999998,522.8299998,0.31,35.06999999,0.03,3.636363635
0.164398,0.35018,6353.410002,4.700000001,1262,9.949107205,4.999999998,1315.000001,11.247303,2269.730001,5.35,469.3600002,0.45,45.99999998,0.06,0.000416667
0.083594,0.13044,1417.410001,12.69999999,1285,12.42983821,4.700000001,1262,9.949107205,2274.41,5.540000001,522.2399998,0.38,46.14000001,0.04,0.000243902
0.191256,0.22935,1530.79,0.25,1606.000001,7.547778601,4.700000001,1262,9.949107205,1935.729999,5.900000001,505.0999998,0.36,29.86,0.05,4.545454547
0.305073,0.39383,8490.09,4.700000001,1262,9.949107205,3.350000001,1352.000001,7.438544299,2441.799999,5.179999999,487.5399998,0.4,48.17000002,0.12,0.000357143
0.132219,0.12831,1022.95,16.97,1305,12.3458347,4.700000001,1262,9.949107205,1727.02,5.640000003,537.4200002,0.43,53.27999999,0.05,0.00012987
0.259876,0.45545,7929.729999,4.700000001,1262,9.949107205,22.85999999,1303.999999,8.041725198,1983.52,5.750000001,480.73,0.42,43.21,0.04,0.000333333
0.160101,0.34542,2812.169999,4.700000001,1262,9.949107205,24.29999999,1316,12.25486279,2424.27,6.2,497.2599999,0.42,28.82000001,0.11,0.000238095
0.148045,0.38756,7205.260001,4.700000001,1262,9.949107205,4.020000001,1286,5.945085001,2018.860001,4.960000001,484.1,0.4,48.23999998,0.06,0.00027027
0.1452,0.49081,4582.859998,4.700000001,1262,9.949107205,5.999999999,1310,9.210340498,2402.810001,5.150000002,485.0300001,0.39,33.31999999,0.09,0.0003125
0.069613,0.11978,2129.04,5.700000001,1174,4.995123402,4.700000001,1262,9.949107205,1801.42,5.579999998,535.32,0.47,51.23,0.02,0.000149254
0.092129,0.28888,4103.359999,4.700000001,1262,9.949107205,3.08,1332,17.5767098,2020.320001,5.829999998,523.6099998,0.37,33.2,0.04,0.000169492
0.136657,0.41815,4808.789999,8.000000003,1269.999999,7.547134902,3.000000001,1329,8.945763596,2035.85,5.649999999,493.24,0.39,40.12999999,0.02,0.000192308
0.128523,0.26167,2940.390001,2.000000001,1210,6.526194999,8.000000003,1269.999999,7.547134902,2270.979999,5.680000002,529.1800002,0.42,47.52,0.01,0.00016129
0.157929,0.26518,3208.069999,3.890000001,1548,9.763032001,8.000000003,1269.999999,7.547134902,2296.500001,5.820000001,489.9000002,0.46,39.1,0.06,0.00030303
0.190381,0.40268,4012.489999,8.000000003,1269.999999,7.547134902,4.999999998,1315.000001,11.247303,1943.910001,5.98,475.7100001,0.41,37.68000001,0.04,0.000285714
0.187405,0.26397,3833.12,12.69999999,1285,12.42983821,8.000000003,1269.999999,7.547134902,2358.770001,5.189999999,487.2800002,0.47,40.77999999,0.07,0.000333333
0.295684,0.34524,3867.87,0.25,1606.000001,7.547778601,8.000000003,1269.999999,7.547134902,2016.379999,5.020000001,465.2100002,0.46,52.19000002,0.16,0.00027027
0.367496,0.56339,6084.629998,8.000000003,1269.999999,7.547134902,3.350000001,1352.000001,7.438544299,1917.879999,5.450000002,451.1600001,0.39,48.65999998,0.11,0.000416667
0.196685,0.23413,3501.6,16.97,1305,12.3458347,8.000000003,1269.999999,7.547134902,2029.710001,4.990000001,509.1400001,0.43,47.71999999,0.13,0.00015625
0.193358,0.39585,5542.830002,8.000000003,1269.999999,7.547134902,22.85999999,1303.999999,8.041725198,1741.379999,6.319999999,484.47,0.37,36.97,0.05,0.000344828
1.00E-04,0.15044,353.1699999,8.000000003,1269.999999,7.547134902,24.29999999,1316,12.25486279,1602.5,6.279999997,494.2199999,0.4,26.66000001,1.00E-04,0.000151515
0.11966,0.39851,4791.690002,8.000000003,1269.999999,7.547134902,4.020000001,1286,5.945085001,1919.23,5.550000001,448.2699998,0.39,45.25999999,0.1,0.000416667
0.0461,0.43482,2120.720001,8.000000003,1269.999999,7.547134902,5.999999999,1310,9.210340498,1761.800001,5.23,476.3199999,0.38,38.78000001,0.11,0.00025
0.196796,0.27857,4607.05,5.700000001,1174,4.995123402,8.000000003,1269.999999,7.547134902,1995.960001,4.98,517.2000001,0.45,55.56000001,0.05,0.000178571
0.093393,0.31898,1842.730001,8.000000003,1269.999999,7.547134902,3.08,1332,17.5767098,2092.9,5.890000002,480.5499999,0.4,41.99999999,0.03,0.000222222
0.13665,0.34178,7353.130001,2.000000001,1210,6.526194999,3.000000001,1329,8.945763596,1989.89,5.750000001,524.5999998,0.44,44.49999999,0.04,1.515151515
0.183388,0.33948,7880.089999,3.890000001,1548,9.763032001,3.000000001,1329,8.945763596,1889.650001,5.39,512.7000001,0.38,41.41000002,0.06,1.639344263
0.099721,0.26926,3988.19,4.999999998,1315.000001,11.247303,3.000000001,1329,8.945763596,1954.9,5.750000001,460.3500001,0.39,52.60000001,0.06,0.024390244
0.21874,0.33987,8504.829997,12.69999999,1285,12.42983821,3.000000001,1329,8.945763596,1952.919999,5.239999998,513.7599998,0.38,42.97000001,0.07,1.562500001
0.273827,0.40994,8588.559999,0.25,1606.000001,7.547778601,3.000000001,1329,8.945763596,2091.490001,5.379999999,502.8699998,0.4,43.30999999,0.06,0.000181818
0.152223,0.25531,1689.47,3.000000001,1329,8.945763596,3.350000001,1352.000001,7.438544299,1919.570001,5.680000002,501.9300001,0.37,35.60999999,0.03,0.06
0.258498,0.36657,8077.510002,16.97,1305,12.3458347,3.000000001,1329,8.945763596,1942.83,4.910000001,515.9400002,0.43,56.61,0.08,0.000153846
0.136421,0.33063,4204.6,3.000000001,1329,8.945763596,22.85999999,1303.999999,8.041725198,1587.290001,6.399999998,535.13,0.36,29.70999999,0.03,0.040540541
0.183314,0.47077,4586.759998,24.29999999,1316,12.25486279,3.000000001,1329,8.945763596,2357.260001,5.029999999,477.9900001,0.4,45.45999998,0.09,0.00037037
1.00E-04,0.2201,1011.19,3.000000001,1329,8.945763596,4.020000001,1286,5.945085001,1774.17,6.439999999,563.38,0.35,13.14,1.00E-04,0.425531915
0.159,0.32922,3411.779999,5.999999999,1310,9.210340498,3.000000001,1329,8.945763596,2004.54,6.389999998,465.9299999,0.33,30.45,0.05,0.000666667
0.227385,0.3484,9099.659998,5.700000001,1174,4.995123402,3.000000001,1329,8.945763596,1948.65,5.559999999,533.0599999,0.46,46.97,0.05,5.882352942
0.081824,0.2877,2999.88,3.08,1332,17.5767098,3.000000001,1329,8.945763596,1713.78,6.379999998,507.58,0.37,39.01000002,0.07,0.000125
0.032887,0.11089,911.8900002,3.890000001,1548,9.763032001,2.000000001,1210,6.526194999,1993.29,5.39,543.9400002,0.48,43.34999999,0.09,0.000163934
0.175159,0.37533,6895.820001,2.000000001,1210,6.526194999,4.999999998,1315.000001,11.247303,2175.920001,5.179999999,484.53,0.43,45.96,0.09,0.000416667
0.092416,0.14467,1351.54,12.69999999,1285,12.42983821,2.000000001,1210,6.526194999,1994.000001,5.950000003,561.4,0.41,37.34,0.02,0.000192308
0.241587,0.27656,1563.640001,0.25,1606.000001,7.547778601,2.000000001,1210,6.526194999,2174.07,5.109999999,540.9800002,0.42,42.62000001,0.03,0.000204082
0.286261,0.40289,8818.939997,2.000000001,1210,6.526194999,3.350000001,1352.000001,7.438544299,2009.050001,5.710000002,515.4500002,0.4,45.25999999,0.03,0.000208333
0.147459,0.15483,808.7799997,16.97,1305,12.3458347,2.000000001,1210,6.526194999,1784.550001,5.57,572.19,0.45,40.92,0.03,0.00012987
0.273387,0.49531,8457.819998,2.000000001,1210,6.526194999,22.85999999,1303.999999,8.041725198,2002.169999,5.890000002,492.3899998,0.39,39.29000002,0.05,0.000243902
0.202716,0.36458,3287.3,2.000000001,1210,6.526194999,24.29999999,1316,12.25486279,2164.21,5.35,520.8200002,0.41,47.92999999,0.02,0.000185185
0.159129,0.39645,7547.339998,2.000000001,1210,6.526194999,4.020000001,1286,5.945085001,2122.55,5.129999999,508.7500001,0.4,48.04999998,0.09,0.000181818
0.1758,0.52309,5061.069998,2.000000001,1210,6.526194999,5.999999999,1310,9.210340498,2051.980001,5.519999998,506.5000002,0.4,44.24999998,0.05,0.000188679
0.049145,0.11482,1747.160001,5.700000001,1174,4.995123402,2.000000001,1210,6.526194999,2130.93,5.129999999,566.6299998,0.55,50.15999998,0.1,0.00016129
0.077526,0.28228,4414.3,2.000000001,1210,6.526194999,3.08,1332,17.5767098,2004.889999,5.530000003,543.4400001,0.41,43.78,0.02,0.000181818
0.13829,0.34762,6958.170002,3.890000001,1548,9.763032001,4.999999998,1315.000001,11.247303,1792.490001,4.82,465.2599999,0.47,53.68000002,0.11,0.00025
0.04758,0.16524,628.4499998,12.69999999,1285,12.42983821,3.890000001,1548,9.763032001,1925.000001,4.780000002,503.5400001,0.47,57.19,0.04,0.000238095
0.173622,0.25417,733.0400003,0.25,1606.000001,7.547778601,3.890000001,1548,9.763032001,2062.04,5.969999998,489.4500001,0.43,29.39999999,0.08,0.0003125
0.272095,0.41169,9261.460004,3.890000001,1548,9.763032001,3.350000001,1352.000001,7.438544299,2278,5.04,477.7100001,0.42,52.30999998,0.11,3.333333332
0.130406,0.18065,453.1100002,16.97,1305,12.3458347,3.890000001,1548,9.763032001,1974.68,6.809999999,562.4200001,0.43,15.93,1.00E-04,0.000232558
0.275922,0.48235,8548.520004,3.890000001,1548,9.763032001,22.85999999,1303.999999,8.041725198,1726.790001,5.319999998,474.5700001,0.46,54.49000002,0.12,0.000227273
0.211993,0.36171,3524.450001,3.890000001,1548,9.763032001,24.29999999,1316,12.25486279,2413.039999,4.98,480.8999999,0.44,44.04000001,0.11,0.000625
0.205743,0.39583,7973.100002,3.890000001,1548,9.763032001,4.020000001,1286,5.945085001,2181,5.270000002,478.9600002,0.41,43.84000002,0.04,5.555555555
0.2074,0.51042,5274.18,3.890000001,1548,9.763032001,5.999999999,1310,9.210340498,2481.050001,5.12,469.0999998,0.41,45.01999998,0.06,0.000666667
0.023393,0.11773,1501.87,5.700000001,1174,4.995123402,3.890000001,1548,9.763032001,2598.499999,4.659999999,530.86,0.45,41.14999999,0.11,0.000232558
0.118838,0.31987,4888.39,3.890000001,1548,9.763032001,3.08,1332,17.5767098,2039.05,5.999999999,517.71,0.37,35.41,0.04,0.000217391
0.222317,0.39241,7537.04,12.69999999,1285,12.42983821,4.999999998,1315.000001,11.247303,1759.2,5.260000001,486.4599999,0.44,44.59000002,0.04,0.00025641
0.167741,0.37708,7486.63,0.25,1606.000001,7.547778601,4.999999998,1315.000001,11.247303,1837.060001,5.43,502.35,0.41,39.31999999,0.03,0.00027027
0.185596,0.39859,4038.769999,4.999999998,1315.000001,11.247303,3.350000001,1352.000001,7.438544299,1853.7,5.700000001,458.2900002,0.42,42.94999998,0.04,0.000263158
0.309941,0.42292,7332.79,16.97,1305,12.3458347,4.999999998,1315.000001,11.247303,2022.74,5.129999999,469.54,0.46,52.98000001,0.13,0.000322581
0.059987,0.28023,1596.989999,4.999999998,1315.000001,11.247303,22.85999999,1303.999999,8.041725198,1525.22,7.469999999,553.3999998,0.36,47.83000001,0.03,0.000151515
0.204143,0.42058,3660.010001,24.29999999,1316,12.25486279,4.999999998,1315.000001,11.247303,1938.17,6.08,474.5200001,0.41,36.54,0.04,0.0003125
0.049961,0.24375,3149.989999,4.999999998,1315.000001,11.247303,4.020000001,1286,5.945085001,1974.38,5.719999998,450.6099998,0.42,48.83,0.07,0.00025641
0.2339,0.33958,2028.39,5.999999999,1310,9.210340498,4.999999998,1315.000001,11.247303,1554.02,6.250000002,471.1900001,0.41,27.76000001,0.02,0.000227273
0.274083,0.43008,8446.780003,5.700000001,1174,4.995123402,4.999999998,1315.000001,11.247303,2025.72,5.300000002,477.8399998,0.46,50.71000001,0.12,0.00030303
0.152351,0.3607,3526.28,3.08,1332,17.5767098,4.999999998,1315.000001,11.247303,1794.640001,5.319999998,451.92,0.38,46.15,0.05,0.0004
0.116216,0.15344,279.61,12.69999999,1285,12.42983821,0.25,1606.000001,7.547778601,1400.100001,11.38999999,507.0600001,0.36,0.5,1.00E-04,0.000333333
0.307049,0.37362,9889.909995,12.69999999,1285,12.42983821,3.350000001,1352.000001,7.438544299,2263.79,4.999999998,479.3700001,0.42,52.60000001,0.12,3.124999999
0.016678,0.10157,555.2900001,12.69999999,1285,12.42983821,16.97,1305,12.3458347,2073.569999,7.01,552.2699999,0.38,18.21,0.1,0.000212766
0.314981,0.49434,9131.039997,12.69999999,1285,12.42983821,22.85999999,1303.999999,8.041725198,1722.97,5.419999998,492.47,0.44,45.87999999,0.05,0.000217391
0.253357,0.37196,4146.040001,12.69999999,1285,12.42983821,24.29999999,1316,12.25486279,2384.150001,4.939999999,476.8899998,0.46,47.01999999,0.04,0.000555556
0.289375,0.45304,8601.500003,12.69999999,1285,12.42983821,4.020000001,1286,5.945085001,2157.95,5.250000002,480.2700001,0.42,45.17000002,0.04,5.555555555
0.2262,0.4625,5887.799997,12.69999999,1285,12.42983821,5.999999999,1310,9.210340498,2350.67,4.990000001,461.5800001,0.43,52.66,0.16,0.000526316
0.03837,0.13106,1027.11,5.700000001,1174,4.995123402,12.69999999,1285,12.42983821,1603.08,6.379999998,517.35,0.46,34.37,0.05,0.000196078
0.135401,0.31283,5515.169999,12.69999999,1285,12.42983821,3.08,1332,17.5767098,2083.400001,5.96,518.3400002,0.38,38.40999999,0.1,2.000000001
0.416259,0.43818,9944.579999,0.25,1606.000001,7.547778601,3.350000001,1352.000001,7.438544299,2161.68,5.210000001,462.5599999,0.44,54.45999999,0.11,0.000294118
0.26719,0.1875,800.57,0.25,1606.000001,7.547778601,16.97,1305,12.3458347,2002.18,8.190000001,536.0800002,0.36,20.13999999,1.00E-04,0.00027027
0.321491,0.50388,9082.990004,0.25,1606.000001,7.547778601,22.85999999,1303.999999,8.041725198,1742.89,5.610000003,510.1400001,0.4,42.33000002,0.02,0.000243902
0.310281,0.40587,4168.659999,0.25,1606.000001,7.547778601,24.29999999,1316,12.25486279,2070.2,4.889999998,464.1599998,0.45,53.10999998,0.07,0.000322581
0.354321,0.51667,8653.390003,0.25,1606.000001,7.547778601,4.020000001,1286,5.945085001,2137.839999,5.290000001,461.98,0.43,50.99,0.08,0.0003125
0.3402,0.42708,5888.269998,0.25,1606.000001,7.547778601,5.999999999,1310,9.210340498,2203.49,4.899999999,458.5000001,0.42,50.08999998,0.1,0.000588235
0.283135,0.24,1228.36,5.700000001,1174,4.995123402,0.25,1606.000001,7.547778601,1578.040001,5.860000002,522.6799999,0.38,23.82,1.00E-04,0.00015873
0.294224,0.4224,5591.539999,0.25,1606.000001,7.547778601,3.08,1332,17.5767098,2315.79,5.300000002,497.6500002,0.41,46.18,0.06,0.000285714
0.378447,0.42681,9501.989997,16.97,1305,12.3458347,3.350000001,1352.000001,7.438544299,2184.960001,5.750000001,501.6299999,0.4,41.14999999,0.03,0.000222222
0.23094,0.37946,3584.420001,22.85999999,1303.999999,8.041725198,3.350000001,1352.000001,7.438544299,1656.89,5.640000003,472.72,0.43,51.2,0.04,0.000222222
0.368631,0.61492,5808.970002,24.29999999,1316,12.25486279,3.350000001,1352.000001,7.438544299,1978.38,6.139999999,449.0400002,0.38,38.45,0.07,4.999999998
0.210501,0.3497,1293.33,4.020000001,1286,5.945085001,3.350000001,1352.000001,7.438544299,1646.539999,6.150000001,464.65,0.39,43.84000002,0.04,0.000294118
0.4056,0.44731,4296.099998,5.999999999,1310,9.210340498,3.350000001,1352.000001,7.438544299,2427.549999,5.250000002,428.9199998,0.39,56.09000003,0.04,0.001111111
0.336837,0.39072,10562.07,5.700000001,1174,4.995123402,3.350000001,1352.000001,7.438544299,2055.119999,5.509999999,517.83,0.42,46.44999999,0.05,0.000217391
0.200602,0.40815,4404.65,3.08,1332,17.5767098,3.350000001,1352.000001,7.438544299,1998.91,5.909999998,486.9200002,0.39,46.27,0.03,0.00025
0.329314,0.47263,8917.510003,16.97,1305,12.3458347,22.85999999,1303.999999,8.041725198,2061.300001,5.610000003,480.73,0.43,47.29000002,0.08,2.631578947
0.262164,0.36887,3831.660001,16.97,1305,12.3458347,24.29999999,1316,12.25486279,2270.250001,5.36,503.9900002,0.41,37.14,0.09,0.000222222
0.342068,0.46875,8219.839999,16.97,1305,12.3458347,4.020000001,1286,5.945085001,2093.319999,5.519999998,496.17,0.4,45.58999999,0.07,0.000204082
0.2182,0.43056,5598.560001,16.97,1305,12.3458347,5.999999999,1310,9.210340498,2032.02,5.36,490.6600002,0.39,38.69000001,0.07,2.941176469
0.088111,0.10717,1116.6,5.700000001,1174,4.995123402,16.97,1305,12.3458347,2024.050001,6.21,531.2700002,0.46,39.94,0.05,0.00025641
0.135384,0.31647,5106.000001,16.97,1305,12.3458347,3.08,1332,17.5767098,1751.26,5.670000001,528.4499998,0.4,47.36000002,0.04,0.000147059
0.195443,0.37078,5189.91,24.29999999,1316,12.25486279,22.85999999,1303.999999,8.041725198,1739.820001,6.21,484.6399999,0.37,37.63000001,0.04,0.000357143
0.089955,0.30846,3204.559999,4.020000001,1286,5.945085001,22.85999999,1303.999999,8.041725198,1434.23,6.259999999,521.8799998,0.38,36.32999999,0.0093458,0.000128205
0.2558,0.32145,3462.890002,5.999999999,1310,9.210340498,22.85999999,1303.999999,8.041725198,1636.690001,6.2,469.6300002,0.39,53.85999998,0.04,0.000322581
0.341447,0.51191,10032.92,5.700000001,1174,4.995123402,22.85999999,1303.999999,8.041725198,2059.149999,5.600000001,484.8400002,0.44,48.31000002,0.11,0.00027027
0.18546,0.44211,4761.79,3.08,1332,17.5767098,22.85999999,1303.999999,8.041725198,2523.59,6.05,468.7199999,0.38,44.23999999,0.08,0.000384615
0.150315,0.4427,4515.830002,24.29999999,1316,12.25486279,4.020000001,1286,5.945085001,2030.76,5.800000003,443.9799998,0.39,39.75,0.07,0.000625
0.1078,0.47166,1775.28,24.29999999,1316,12.25486279,5.999999999,1310,9.210340498,1762.149999,6.190000002,477.7699999,0.37,31.24999999,0.03,0.000285714
0.260441,0.39477,4941.169999,5.700000001,1174,4.995123402,24.29999999,1316,12.25486279,2147.97,5.999999999,513.7900002,0.44,38.45,0.07,0.000185185
0.157907,0.35963,1682.71,24.29999999,1316,12.25486279,3.08,1332,17.5767098,2387.1,5.999999999,462.0700001,0.4,41.66000001,0.15,0.000714286
0.1935,0.38542,3039.95,5.999999999,1310,9.210340498,4.020000001,1286,5.945085001,2027.04,6.290000002,436.9799998,0.39,47.52,0.03,0.0004
0.290821,0.44451,9286.929997,5.700000001,1174,4.995123402,4.020000001,1286,5.945085001,2090.649999,5.189999999,512.4299998,0.43,45.31999999,0.04,0.000178571
0.086161,0.35485,3137.08,3.08,1332,17.5767098,4.020000001,1286,5.945085001,1926.8,6.13,474.1499998,0.38,46.53000001,0.17,0.000172414
0.2582,0.47553,6711.32,5.700000001,1174,4.995123402,5.999999999,1310,9.210340498,2116.870001,5.290000001,499.61,0.41,40,0.09,0.00025641
0.1176,0.51006,1602.92,3.08,1332,17.5767098,5.999999999,1310,9.210340498,2186.749999,6.270000002,475.2299998,0.33,34.57,0.03,0.000416667
0.101259,0.29083,6157.870003,5.700000001,1174,4.995123402,3.08,1332,17.5767098,2116.679999,5.309999999,543.5100002,0.45,48.95,0.06,0.000188679